Route_Name,Route_URL,Bus_Name,Bus_Type,Departure_Time,Arrival_Time,Duration,Fare,Rating,Seat_Availability
Gopalganj (Bihar) to Delhi,https://www.redbus.in/bus-tickets/gopalganj-to-delhi,Bihar state road transport corporation (BSRTC) - 152154,Volvo AC Seater 2+2,16:30,08:30,16h 00m,1020,3.2,"47 Seats available
23 Window"
Gopalganj (Bihar) to Delhi,https://www.redbus.in/bus-tickets/gopalganj-to-delhi,Panwar tour and Travels,A/C Seater / Sleeper (2+1),15:40,09:30,17h 50m,INR 1199,3.2,"36 Seats available
10 Single"
Gopalganj (Bihar) to Delhi,https://www.redbus.in/bus-tickets/gopalganj-to-delhi,Rajdhani Express,A/C Seater / Sleeper (2+2),15:00,07:00,16h 00m,1294,1.0,"30 Seats available
10 Window"
Gopalganj (Bihar) to Delhi,https://www.redbus.in/bus-tickets/gopalganj-to-delhi,Travel Point World LLP,A/C Seater / Sleeper (2+2),20:20,10:50,14h 30m,1899,1.9,"38 Seats available
15 Window"
Gopalganj (Bihar) to Delhi,https://www.redbus.in/bus-tickets/gopalganj-to-delhi,Baba Khatushyam Travels Pvt Ltd,A/C Seater / Sleeper (3+1),19:00,11:49,16h 49m,INR 1050,1.3,"58 Seats available
10 Single"
Gopalganj (Bihar) to Delhi,https://www.redbus.in/bus-tickets/gopalganj-to-delhi,Singh Express Bus Service,A/C Seater / Sleeper (2+2),15:00,10:00,19h 00m,INR 1599,1.0,"20 Seats available
10 Window"
Gopalganj (Bihar) to Delhi,https://www.redbus.in/bus-tickets/gopalganj-to-delhi,Shree Balajee Travels And Cargo,A/C Seater / Sleeper (2+2),20:00,14:30,18h 30m,1079,1.2,"72 Seats available
32 Window"
Gopalganj (Bihar) to Delhi,https://www.redbus.in/bus-tickets/gopalganj-to-delhi,Panwar tour and Travels,A/C Seater / Sleeper (2+1),15:40,08:30,16h 50m,INR 1499,3.2,"38 Seats available
10 Single"
Gopalganj (Bihar) to Delhi,https://www.redbus.in/bus-tickets/gopalganj-to-delhi,New Travel India,A/C Seater / Sleeper (2+1),18:15,08:10,13h 55m,INR 2499,1.4,"30 Seats available
13 Window"
Gopalganj (Bihar) to Delhi,https://www.redbus.in/bus-tickets/gopalganj-to-delhi,New Travel India,A/C Seater / Sleeper (2+1),18:05,08:00,13h 55m,INR 2499,1.4,"14 Seats available
6 Window"
Gopalganj (Bihar) to Delhi,https://www.redbus.in/bus-tickets/gopalganj-to-delhi,New Travel India,A/C Seater / Sleeper (2+1),17:40,08:30,14h 50m,INR 2499,1.4,"14 Seats available
3 Window"
Gopalganj (Bihar) to Delhi,https://www.redbus.in/bus-tickets/gopalganj-to-delhi,New Travel India,A/C Seater / Sleeper (2+1),17:35,08:30,14h 55m,INR 2499,1.4,"14 Seats available
4 Window"
Gopalganj (Bihar) to Delhi,https://www.redbus.in/bus-tickets/gopalganj-to-delhi,New Travel India,A/C Seater / Sleeper (2+1),18:15,08:00,13h 45m,INR 2499,1.4,"14 Seats available
4 Window"
Gopalganj (Bihar) to Delhi,https://www.redbus.in/bus-tickets/gopalganj-to-delhi,New Travel India,A/C Seater / Sleeper (2+1),17:30,09:00,15h 30m,INR 2499,1.4,"16 Seats available
6 Window"
Gopalganj (Bihar) to Delhi,https://www.redbus.in/bus-tickets/gopalganj-to-delhi,Rajdhani Express,A/C Seater / Sleeper (2+2),16:00,09:00,17h 00m,1387,1.0,"21 Seats available
8 Window"
Patna (Bihar) to Bettiah,https://www.redbus.in/bus-tickets/patna-to-bettiah,Bihar state road transport corporation (BSRTC) - 142944,Non AC Seater (2+2),06:00,11:00,05h 00m,INR 285,3.6,"34 Seats available
14 Window"
Patna (Bihar) to Bettiah,https://www.redbus.in/bus-tickets/patna-to-bettiah,Bihar state road transport corporation (BSRTC) - 147264,AC Seater (2+2),06:30,12:35,06h 05m,INR 331,3.1,"42 Seats available
20 Window"
Patna (Bihar) to Bettiah,https://www.redbus.in/bus-tickets/patna-to-bettiah,Jai Hanuman Travels,A/C Seater / Sleeper (2+2),09:30,16:00,06h 30m,INR 500,3.5,"60 Seats available
29 Window"
Patna (Bihar) to Bettiah,https://www.redbus.in/bus-tickets/patna-to-bettiah,Jai Hanuman Travels,A/C Seater / Sleeper (2+2),22:20,05:00,06h 40m,INR 550,3.7,"54 Seats available
26 Window"
Patna (Bihar) to Bettiah,https://www.redbus.in/bus-tickets/patna-to-bettiah,Saurabh Travels,A/C Seater Push Back (2+2),07:00,12:30,05h 30m,416,1.0,42 Seats available
Patna (Bihar) to Bettiah,https://www.redbus.in/bus-tickets/patna-to-bettiah,Saurabh Travels,A/C Seater Push Back (2+2),07:12,12:30,05h 18m,416,1.0,42 Seats available
Patna (Bihar) to Bettiah,https://www.redbus.in/bus-tickets/patna-to-bettiah,Saurabh Travels,A/C Seater Push Back (2+2),07:20,12:30,05h 10m,416,1.0,41 Seats available
Patna (Bihar) to Bettiah,https://www.redbus.in/bus-tickets/patna-to-bettiah,Saurabh Travels,A/C Seater Push Back (2+2),07:25,12:45,05h 20m,416,1.0,42 Seats available
Patna (Bihar) to Bettiah,https://www.redbus.in/bus-tickets/patna-to-bettiah,Saurabh Travels,A/C Seater Push Back (2+2),07:32,12:50,05h 18m,416,1.0,42 Seats available
Patna (Bihar) to Bettiah,https://www.redbus.in/bus-tickets/patna-to-bettiah,Saurabh Travels,A/C Seater Push Back (2+2),07:37,13:00,05h 23m,416,1.0,42 Seats available
Patna (Bihar) to Bettiah,https://www.redbus.in/bus-tickets/patna-to-bettiah,Saurabh Travels,A/C Seater Push Back (2+2),08:12,13:30,05h 18m,416,1.0,42 Seats available
Patna (Bihar) to Bettiah,https://www.redbus.in/bus-tickets/patna-to-bettiah,Saurabh Travels,A/C Seater Push Back (2+2),08:41,13:50,05h 09m,416,1.0,"42 Seats available
18 Window"
Patna (Bihar) to Bettiah,https://www.redbus.in/bus-tickets/patna-to-bettiah,Jai Mata Di Tour and Travels,A/C Seater / Sleeper (2+2),20:28,02:00,05h 32m,463,1.9,"6 Seats available
3 Window"
Patna (Bihar) to Bettiah,https://www.redbus.in/bus-tickets/patna-to-bettiah,V.I.P Travels,A/C Seater / Sleeper (2+2),21:40,03:40,06h 00m,INR 350,2.5,51 Seats available
Patna (Bihar) to Bettiah,https://www.redbus.in/bus-tickets/patna-to-bettiah,Jai Mata Di Tour and Travels,A/C Seater / Sleeper (2+2),22:40,04:00,05h 20m,416,2.7,"28 Seats available
14 Window"
Patna (Bihar) to Motihari,https://www.redbus.in/bus-tickets/patna-to-motihari,Bihar state road transport corporation (BSRTC) - 142944,Non AC Seater (2+2),06:00,10:30,04h 30m,INR 230,3.8,"34 Seats available
14 Window"
Patna (Bihar) to Motihari,https://www.redbus.in/bus-tickets/patna-to-motihari,Bihar state road transport corporation (BSRTC) - 147264,AC Seater (2+2),06:30,10:30,04h 00m,INR 275,3.9,"41 Seats available
19 Window"
Patna (Bihar) to Motihari,https://www.redbus.in/bus-tickets/patna-to-motihari,Bihar state road transport corporation (BSRTC) - 150571,Non AC Seater (2+2),21:20,01:00,03h 40m,INR 230,3.1,"33 Seats available
14 Window"
Patna (Bihar) to Motihari,https://www.redbus.in/bus-tickets/patna-to-motihari,Saurabh Travels,A/C Seater Push Back (2+2),10:30,14:00,03h 30m,324,1.0,42 Seats available
Patna (Bihar) to Motihari,https://www.redbus.in/bus-tickets/patna-to-motihari,Siddhi Vinayak (BSRTC U/T),Non AC Seater (2+2),12:15,16:15,04h 00m,INR 220,1.5,"35 Seats available
17 Window"
Patna (Bihar) to Motihari,https://www.redbus.in/bus-tickets/patna-to-motihari,Ramna Travels,NON A/C Seater (2+2),12:45,16:00,03h 15m,222,1.6,8 Seats available
Patna (Bihar) to Motihari,https://www.redbus.in/bus-tickets/patna-to-motihari,Siddhi Vinayak (BSRTC U/T),Non AC Seater (2+2),15:30,19:30,04h 00m,INR 220,1.5,"35 Seats available
17 Window"
Patna (Bihar) to Motihari,https://www.redbus.in/bus-tickets/patna-to-motihari,Jai Hanuman Travels,A/C Seater / Sleeper (2+2),09:30,14:00,04h 30m,INR 450,3.4,"60 Seats available
25 Window"
Patna (Bihar) to Motihari,https://www.redbus.in/bus-tickets/patna-to-motihari,Jai Mata Di Tour and Travels,A/C Seater / Sleeper (2+2),13:53,19:20,05h 27m,370,3.2,"12 Seats available
6 Window"
Patna (Bihar) to Motihari,https://www.redbus.in/bus-tickets/patna-to-motihari,Jai Hanuman Travels,A/C Seater / Sleeper (2+2),22:00,04:00,06h 00m,INR 550,4.5,"52 Seats available
21 Window"
Patna (Bihar) to Motihari,https://www.redbus.in/bus-tickets/patna-to-motihari,Jai Hanuman Travels,A/C Seater / Sleeper (2+2),22:20,03:15,04h 55m,INR 550,3.9,"54 Seats available
26 Window"
Patna (Bihar) to Motihari,https://www.redbus.in/bus-tickets/patna-to-motihari,Panwar Travels,A/C Sleeper (2+1),10:04,15:40,05h 36m,INR 2800,2.8,"26 Seats available
10 Single"
Patna (Bihar) to Motihari,https://www.redbus.in/bus-tickets/patna-to-motihari,Jai Mata Di Tour and Travels,A/C Seater / Sleeper (2+2),20:28,23:30,03h 02m,463,1.2,"6 Seats available
3 Window"
Motihari to Delhi,https://www.redbus.in/bus-tickets/motihari-to-delhi,Travel Point World LLP,A/C Seater / Sleeper (2+2),18:20,10:50,16h 30m,INR 1999,1.7,"38 Seats available
15 Window"
Motihari to Delhi,https://www.redbus.in/bus-tickets/motihari-to-delhi,Rajdhani Express,A/C Seater / Sleeper (2+2),15:00,09:00,18h 00m,1387,1.4,"21 Seats available
8 Window"
Motihari to Delhi,https://www.redbus.in/bus-tickets/motihari-to-delhi,Baba Khatushyam Travels Pvt Ltd,A/C Seater / Sleeper (3+1),17:35,11:49,18h 14m,INR 1050,1.5,"58 Seats available
10 Single"
Bettiah to Patna (Bihar),https://www.redbus.in/bus-tickets/bettiah-to-patna,Bihar state road transport corporation (BSRTC) - 146214,AC Seater (2+2),09:20,16:00,06h 40m,INR 331,3.6,"26 Seats available
11 Window"
Bettiah to Patna (Bihar),https://www.redbus.in/bus-tickets/bettiah-to-patna,Bihar state road transport corporation (BSRTC) - 146159,Non AC Seater (2+2),14:30,19:30,05h 00m,INR 285,2.8,"35 Seats available
15 Window"
Bettiah to Patna (Bihar),https://www.redbus.in/bus-tickets/bettiah-to-patna,V.I.P Travels,A/C Seater / Sleeper (2+2),10:10,16:10,06h 00m,INR 350,3.0,"51 Seats available
21 Window"
Bettiah to Patna (Bihar),https://www.redbus.in/bus-tickets/bettiah-to-patna,Saurabh Travels,A/C Seater Push Back (2+2),09:13,16:00,06h 47m,416,1.0,42 Seats available
Bettiah to Patna (Bihar),https://www.redbus.in/bus-tickets/bettiah-to-patna,Jai Hanuman Travels,A/C Seater / Sleeper (2+2),09:55,16:50,06h 55m,INR 500,2.3,"54 Seats available
26 Window"
Bettiah to Patna (Bihar),https://www.redbus.in/bus-tickets/bettiah-to-patna,Saurabh Travels,A/C Seater Push Back (2+2),15:00,08:45,17h 45m,416,1.0,42 Seats available
Bettiah to Patna (Bihar),https://www.redbus.in/bus-tickets/bettiah-to-patna,Saurabh Travels,A/C Seater Push Back (2+2),15:00,21:00,06h 00m,416,1.0,42 Seats available
Bettiah to Patna (Bihar),https://www.redbus.in/bus-tickets/bettiah-to-patna,Saurabh Travels,A/C Seater Push Back (2+2),15:15,21:20,06h 05m,416,1.0,42 Seats available
Bettiah to Patna (Bihar),https://www.redbus.in/bus-tickets/bettiah-to-patna,Saurabh Travels,A/C Seater Push Back (2+2),15:21,21:45,06h 24m,416,1.0,42 Seats available
Bettiah to Patna (Bihar),https://www.redbus.in/bus-tickets/bettiah-to-patna,Saurabh Travels,A/C Seater Push Back (2+2),15:30,22:15,06h 45m,416,1.0,42 Seats available
Bettiah to Patna (Bihar),https://www.redbus.in/bus-tickets/bettiah-to-patna,Saurabh Travels,A/C Seater Push Back (2+2),15:37,22:15,06h 38m,416,1.0,42 Seats available
Bettiah to Patna (Bihar),https://www.redbus.in/bus-tickets/bettiah-to-patna,Jai Hanuman Travels,A/C Seater / Sleeper (2+2),21:55,05:31,07h 36m,INR 550,2.3,"40 Seats available
15 Window"
Bettiah to Patna (Bihar),https://www.redbus.in/bus-tickets/bettiah-to-patna,Jai Mata Di Tour and Travels,A/C Seater / Sleeper (2+2),22:00,05:00,07h 00m,463,1.9,"10 Seats available
5 Window"
Delhi to Motihari,https://www.redbus.in/bus-tickets/delhi-to-motihari,Rajdhani Express,A/C Seater / Sleeper (2+2),15:50,10:00,18h 10m,1849,1.1,"28 Seats available
12 Window"
Delhi to Motihari,https://www.redbus.in/bus-tickets/delhi-to-motihari,Travel Point World LLP,A/C Seater / Sleeper (2+2),14:30,07:00,16h 30m,INR 1699,1.6,"46 Seats available
19 Window"
Delhi to Motihari,https://www.redbus.in/bus-tickets/delhi-to-motihari,Travel Point World LLP,A/C Seater / Sleeper (2+2),16:00,08:01,16h 01m,INR 1699,1.3,"46 Seats available
19 Window"
Balmiki Nagar (bihar) to Patna (Bihar),https://www.redbus.in/bus-tickets/balmiki-nagar-bihar-to-patna,Bihar state road transport corporation (BSRTC) - 146214,AC Seater (2+2),06:00,16:00,10h 00m,INR 428,3.9,"26 Seats available
11 Window"
Balmiki Nagar (bihar) to Patna (Bihar),https://www.redbus.in/bus-tickets/balmiki-nagar-bihar-to-patna,Jai Mata Di Tour and Travels,A/C Seater / Sleeper (2+2),18:30,05:00,10h 30m,463,2.3,"10 Seats available
5 Window"
Patna (Bihar) to Balmiki Nagar (bihar),https://www.redbus.in/bus-tickets/patna-to-balmiki-nagar-bihar,Bihar state road transport corporation (BSRTC) - 147264,AC Seater (2+2),06:30,15:30,09h 00m,INR 428,4.1,"42 Seats available
20 Window"
Patna (Bihar) to Balmiki Nagar (bihar),https://www.redbus.in/bus-tickets/patna-to-balmiki-nagar-bihar,Jai Mata Di Tour and Travels,A/C Seater / Sleeper (2+2),20:28,06:00,09h 32m,463,3.4,"6 Seats available
3 Window"
Patna (Bihar) to Balmiki Nagar (bihar),https://www.redbus.in/bus-tickets/patna-to-balmiki-nagar-bihar,Jai Mata Di Tour and Travels,A/C Seater / Sleeper (2+2),22:40,07:00,08h 20m,416,3.1,"28 Seats available
14 Window"
Patna (Bihar) to Purnea,https://www.redbus.in/bus-tickets/patna-to-purnea,Bihar state road transport corporation (BSRTC) - 142847,AC Seater (2+2),21:25,05:40,08h 15m,INR 468,3.6,"36 Seats available
18 Window"
Patna (Bihar) to Purnea,https://www.redbus.in/bus-tickets/patna-to-purnea,Aitiana Airwings,Benz A/C Sleeper (2+1),21:00,06:00,09h 00m,585,4.2,"20 Seats available
2 Single"
Patna (Bihar) to Purnea,https://www.redbus.in/bus-tickets/patna-to-purnea,MAA SHANTI TRAVELS,A/C Seater / Sleeper (2+1),22:10,06:35,08h 25m,600,4.2,18 Seats available
Patna (Bihar) to Purnea,https://www.redbus.in/bus-tickets/patna-to-purnea,Raj Bus Services,A/C Seater / Sleeper (2+1),19:25,05:05,09h 40m,463,4.1,"22 Seats available
4 Single"
Patna (Bihar) to Purnea,https://www.redbus.in/bus-tickets/patna-to-purnea,AITIANA CRUISELINERS,A/C Seater / Sleeper (2+1),21:15,06:15,09h 00m,INR 500,4.0,"8 Seats available
3 Window"
Patna (Bihar) to Purnea,https://www.redbus.in/bus-tickets/patna-to-purnea,MAA KAMAKHYA DREAMLINER,A/C Seater / Sleeper (2+1),20:40,05:00,08h 20m,495,3.7,"30 Seats available
6 Single"
Patna (Bihar) to Purnea,https://www.redbus.in/bus-tickets/patna-to-purnea,Divya Rath,A/C Sleeper (2+1),20:45,05:45,09h 00m,601,4.1,"15 Seats available
6 Window"
Patna (Bihar) to Purnea,https://www.redbus.in/bus-tickets/patna-to-purnea,Sadhvi Rath,A/C Seater / Sleeper (2+1),20:20,06:20,10h 00m,495,3.1,"31 Seats available
9 Single"
Patna (Bihar) to Purnea,https://www.redbus.in/bus-tickets/patna-to-purnea,AITIANA CRUISELINERS,Bharat Benz A/C Seater /Sleeper (2+1),20:20,05:30,09h 10m,INR 500,3.9,"8 Seats available
4 Window"
Patna (Bihar) to Purnea,https://www.redbus.in/bus-tickets/patna-to-purnea,Hawa Hawai,A/C Seater / Sleeper (2+1),20:00,05:00,09h 00m,540,3.2,"13 Seats available
5 Single"
Patna (Bihar) to Purnea,https://www.redbus.in/bus-tickets/patna-to-purnea,Shatabdi Travels,A/C Seater / Sleeper (2+1),21:00,06:00,09h 00m,540,2.8,"33 Seats available
5 Single"
Patna (Bihar) to Purnea,https://www.redbus.in/bus-tickets/patna-to-purnea,Meera Travels (Yvts),A/C Seater / Sleeper (2+1),20:30,05:30,09h 00m,INR 600,3.5,"51 Seats available
17 Single"
Patna (Bihar) to Purnea,https://www.redbus.in/bus-tickets/patna-to-purnea,Maa Satyabhama Rath,A/C Seater / Sleeper (2+1),21:00,06:00,09h 00m,INR 600,3.6,"31 Seats available
9 Single"
Patna (Bihar) to Purnea,https://www.redbus.in/bus-tickets/patna-to-purnea,Raj Bus Services,A/C Seater / Sleeper (2+2),16:06,03:35,11h 29m,555,3.6,"12 Seats available
4 Window"
Patna (Bihar) to Purnea,https://www.redbus.in/bus-tickets/patna-to-purnea,Raj Bus Services,A/C Seater / Sleeper (2+1),16:55,03:05,10h 10m,463,3.6,"20 Seats available
3 Single"
Patna (Bihar) to Purnea,https://www.redbus.in/bus-tickets/patna-to-purnea,Raj Bus Services,Bharat Benz A/C Seater /Sleeper (2+1),18:25,03:35,09h 10m,463,3.6,"22 Seats available
4 Single"
Patna (Bihar) to Purnea,https://www.redbus.in/bus-tickets/patna-to-purnea,Raj Bus Services,Bharat Benz A/C Seater /Sleeper (2+1),20:35,05:35,09h 00m,463,3.1,"18 Seats available
2 Single"
Patna (Bihar) to Purnea,https://www.redbus.in/bus-tickets/patna-to-purnea,Raj Rath,A/C Seater / Sleeper (2+2),20:30,05:15,08h 45m,INR 500,2.3,"4 Seats available
2 Window"
Patna (Bihar) to Purnea,https://www.redbus.in/bus-tickets/patna-to-purnea,Sree Balaji Travels,A/C Seater / Sleeper (2+1),20:15,05:00,08h 45m,INR 550,1.4,"29 Seats available
7 Single"
Patna (Bihar) to Purnea,https://www.redbus.in/bus-tickets/patna-to-purnea,Sri Krishna Rath,A/C Seater / Sleeper (2+2),21:00,06:15,09h 15m,450,2.1,"26 Seats available
13 Window"
Patna (Bihar) to Purnea,https://www.redbus.in/bus-tickets/patna-to-purnea,Aarush Krrish,A/C Seater / Sleeper (2+1),21:00,06:00,09h 00m,540,2.0,"46 Seats available
16 Single"
Patna (Bihar) to Purnea,https://www.redbus.in/bus-tickets/patna-to-purnea,Shivam Travels,NON A/C Seater / Sleeper (2+2),21:00,06:30,09h 30m,INR 450,1.2,"40 Seats available
20 Window"
Patna (Bihar) to Purnea,https://www.redbus.in/bus-tickets/patna-to-purnea,Shri Sai Krishna Luxury,A/C Seater / Sleeper (2+1),21:15,06:15,09h 00m,INR 600,2.4,"49 Seats available
11 Single"
Patna (Bihar) to Purnea,https://www.redbus.in/bus-tickets/patna-to-purnea,Jay Jagdambay Tour And Travels,A/C Seater / Sleeper (2+1),17:00,02:30,09h 30m,648,2.0,"14 Seats available
2 Single"
Patna (Bihar) to Purnea,https://www.redbus.in/bus-tickets/patna-to-purnea,Sri Krishna Tours and Travels,A/C Seater / Sleeper (2+2),20:30,05:20,08h 50m,570,2.8,"42 Seats available
21 Window"
Patna (Bihar) to Purnea,https://www.redbus.in/bus-tickets/patna-to-purnea,Sri Krishna Tours and Travels,A/C Seater / Sleeper (2+1),20:25,05:15,08h 50m,618,2.8,"28 Seats available
2 Single"
Patna (Bihar) to Katihar,https://www.redbus.in/bus-tickets/patna-to-katihar,Bihar state road transport corporation (BSRTC) - 142847,AC Seater (2+2),21:25,06:30,09h 05m,INR 468,3.3,"36 Seats available
18 Window"
Patna (Bihar) to Katihar,https://www.redbus.in/bus-tickets/patna-to-katihar,SOBHA TRAVELS (A.T),A/C Seater / Sleeper (2+1),20:40,05:00,08h 20m,540,3.3,"28 Seats available
7 Single"
Patna (Bihar) to Katihar,https://www.redbus.in/bus-tickets/patna-to-katihar,Sri Krishna Rath,A/C Seater / Sleeper (2+2),21:00,06:05,09h 05m,720,1.8,"26 Seats available
13 Window"
Patna (Bihar) to Ranchi,https://www.redbus.in/bus-tickets/patna-to-ranchi,Bihar state road transport corporation (BSRTC) - 153594,AC Seater (2+2),20:41,06:00,09h 19m,INR 525,2.8,"30 Seats available
12 Window"
Patna (Bihar) to Ranchi,https://www.redbus.in/bus-tickets/patna-to-ranchi,Rekha Luxury,A/C Seater / Sleeper (2+1),20:00,06:00,10h 00m,537,4.0,"33 Seats available
7 Single"
Patna (Bihar) to Ranchi,https://www.redbus.in/bus-tickets/patna-to-ranchi,MAA SHANTI TRAVELS,A/C Seater / Sleeper (2+1),20:27,04:15,07h 48m,700,4.2,"27 Seats available
4 Single"
Patna (Bihar) to Ranchi,https://www.redbus.in/bus-tickets/patna-to-ranchi,Sri Sai ( Jharkhand Paryatak),A/C Seater / Sleeper (2+1),21:00,06:00,09h 00m,456,4.0,"17 Seats available
4 Single"
Patna (Bihar) to Ranchi,https://www.redbus.in/bus-tickets/patna-to-ranchi,Rajdhani bus service,A/C Sleeper (2+1),20:05,04:00,07h 55m,739,4.2,"6 Seats available
2 Single"
Patna (Bihar) to Ranchi,https://www.redbus.in/bus-tickets/patna-to-ranchi,Divya Rath,A/C Sleeper (2+1),20:15,04:30,08h 15m,833,4.3,"25 Seats available
5 Single"
Patna (Bihar) to Ranchi,https://www.redbus.in/bus-tickets/patna-to-ranchi,MAA SHANTI TRAVELS,A/C Seater/Sleeper (2+1),21:25,06:45,09h 20m,500,3.8,"47 Seats available
9 Single"
Patna (Bihar) to Ranchi,https://www.redbus.in/bus-tickets/patna-to-ranchi,Mahuli Travels,A/C Seater/Sleeper (2+1),21:00,06:00,09h 00m,495,3.4,"36 Seats available
9 Single"
Patna (Bihar) to Ranchi,https://www.redbus.in/bus-tickets/patna-to-ranchi,Hawa Hawai,NON A/C Seater / Sleeper (2+2),07:30,18:00,10h 30m,495,3.0,"85 Seats available
38 Window"
Patna (Bihar) to Ranchi,https://www.redbus.in/bus-tickets/patna-to-ranchi,Chandralok Travels,A/C Seater / Sleeper (2+1),21:20,06:10,08h 50m,473,2.9,"48 Seats available
13 Single"
Patna (Bihar) to Ranchi,https://www.redbus.in/bus-tickets/patna-to-ranchi,VIJAY RATH,A/C Seater / Sleeper (2+1),19:16,04:45,09h 29m,698,4.2,"35 Seats available
8 Single"
Patna (Bihar) to Ranchi,https://www.redbus.in/bus-tickets/patna-to-ranchi,Maa Bhawani Travels,A/C Seater / Sleeper (2+1),21:45,05:30,07h 45m,540,2.6,"26 Seats available
5 Single"
Patna (Bihar) to Ranchi,https://www.redbus.in/bus-tickets/patna-to-ranchi,Sadhvi Rath,A/C Seater / Sleeper (2+1),20:40,05:40,09h 00m,540,2.9,"48 Seats available
16 Single"
Patna (Bihar) to Ranchi,https://www.redbus.in/bus-tickets/patna-to-ranchi,Arzoo Travels,A/C Seater / Sleeper (2+1),20:30,05:30,09h 00m,463,3.5,"22 Seats available
4 Single"
Patna (Bihar) to Ranchi,https://www.redbus.in/bus-tickets/patna-to-ranchi,Yarana Travels,NON AC Seater / Sleeper 2+1,18:01,03:00,08h 59m,INR 550,3.5,"17 Seats available
5 Single"
Patna (Bihar) to Ranchi,https://www.redbus.in/bus-tickets/patna-to-ranchi,Pihu Enterprises Private Limited,A/C Seater / Sleeper (2+1),17:15,03:00,09h 45m,601,3.5,"9 Seats available
3 Single"
Patna (Bihar) to Ranchi,https://www.redbus.in/bus-tickets/patna-to-ranchi,Arzoo Travels,Bharat Benz A/C Seater /Sleeper (2+1),20:45,05:30,08h 45m,481,2.6,"24 Seats available
6 Single"
Patna (Bihar) to Ranchi,https://www.redbus.in/bus-tickets/patna-to-ranchi,KRISHNA RATH LUXURY,A/C Seater / Sleeper (2+1),21:00,05:30,08h 30m,INR 550,2.3,"36 Seats available
10 Single"
Patna (Bihar) to Ranchi,https://www.redbus.in/bus-tickets/patna-to-ranchi,Puja Rath,A/C Seater / Sleeper (2+1),21:00,05:40,08h 40m,INR 600,2.4,"45 Seats available
15 Single"
Patna (Bihar) to Ranchi,https://www.redbus.in/bus-tickets/patna-to-ranchi,Rajdhani bus service,Non A/C Seater / Sleeper (2+1),18:30,03:45,09h 15m,570,2.4,"34 Seats available
8 Single"
Patna (Bihar) to Ranchi,https://www.redbus.in/bus-tickets/patna-to-ranchi,Maharani Express,A/C Seater / Sleeper (2+2),18:00,03:45,09h 45m,540,2.2,"24 Seats available
9 Window"
Patna (Bihar) to Ranchi,https://www.redbus.in/bus-tickets/patna-to-ranchi,Pihu (yvts),A/C Seater / Sleeper (2+1),19:30,04:10,08h 40m,648,2.8,"24 Seats available
4 Single"
Patna (Bihar) to Ranchi,https://www.redbus.in/bus-tickets/patna-to-ranchi,JGD Travels Pvt Ltd.,Bharat Benz A/C Sleeper (2+1),20:15,04:25,08h 10m,900,2.4,"22 Seats available
6 Single"
Patna (Bihar) to Ranchi,https://www.redbus.in/bus-tickets/patna-to-ranchi,Jai Mata Di Tour and Travels,A/C Seater / Sleeper (2+2),21:30,06:00,08h 30m,694,2.5,"30 Seats available
15 Window"
Patna (Bihar) to Ranchi,https://www.redbus.in/bus-tickets/patna-to-ranchi,Tejas Maa Bhawani,A/C Sleeper (2+1),21:30,06:00,08h 30m,INR 900,1.9,"7 Seats available
3 Window"
Patna (Bihar) to Ranchi,https://www.redbus.in/bus-tickets/patna-to-ranchi,Pappu Travels (yvts),A/C Seater/Sleeper (2+1),21:30,06:00,08h 30m,740,2.8,"8 Seats available
2 Single"
Patna (Bihar) to Ranchi,https://www.redbus.in/bus-tickets/patna-to-ranchi,Tejas Maa Bhawani,A/C Seater / Sleeper (2+2),21:30,05:30,08h 00m,INR 550,2.7,"16 Seats available
6 Window"
Hazaribagh to Patna (Bihar),https://www.redbus.in/bus-tickets/hazaribagh-to-patna,Bihar state road transport corporation (BSRTC) - 153614,AC Seater (2+2),23:15,05:30,06h 15m,INR 377,3.3,"33 Seats available
14 Window"
Hazaribagh to Patna (Bihar),https://www.redbus.in/bus-tickets/hazaribagh-to-patna,Sri Sai ( Jharkhand Paryatak),A/C Seater / Sleeper (2+1),00:15,06:00,05h 45m,418,3.9,"9 Seats available
2 Single"
Hazaribagh to Patna (Bihar),https://www.redbus.in/bus-tickets/hazaribagh-to-patna,MAA SHANTI TRAVELS,A/C Seater / Sleeper (2+1),01:00,05:55,04h 55m,800,3.8,"37 Seats available
10 Single"
Hazaribagh to Patna (Bihar),https://www.redbus.in/bus-tickets/hazaribagh-to-patna,Pappu Travels (yvts),A/C Seater/Sleeper (2+1),20:00,02:40,06h 40m,740,3.0,"8 Seats available
2 Single"
Hazaribagh to Patna (Bihar),https://www.redbus.in/bus-tickets/hazaribagh-to-patna,MAA SHANTI TRAVELS,A/C Seater/Sleeper (2+1),23:30,06:35,07h 05m,500,3.8,"36 Seats available
8 Single"
Hazaribagh to Patna (Bihar),https://www.redbus.in/bus-tickets/hazaribagh-to-patna,Maharani Express,A/C Seater / Sleeper (2+1),01:00,06:50,05h 50m,540,2.7,"48 Seats available
16 Single"
Hazaribagh to Patna (Bihar),https://www.redbus.in/bus-tickets/hazaribagh-to-patna,Mahuli Travels,A/C Seater / Sleeper (2+1),23:59,06:15,06h 16m,562,3.3,"47 Seats available
5 Single"
Hazaribagh to Patna (Bihar),https://www.redbus.in/bus-tickets/hazaribagh-to-patna,Rekha Luxury,A/C Seater / Sleeper (2+1),23:35,06:00,06h 25m,537,4.4,"23 Seats available
7 Single"
Hazaribagh to Patna (Bihar),https://www.redbus.in/bus-tickets/hazaribagh-to-patna,Rajdhani bus service,A/C Sleeper (2+1),23:59,05:50,05h 51m,648,3.9,"16 Seats available
1 Single"
Hazaribagh to Patna (Bihar),https://www.redbus.in/bus-tickets/hazaribagh-to-patna,Maharani Express,A/C Seater / Sleeper (2+2),02:05,08:00,05h 55m,540,2.7,"26 Seats available
13 Window"
Hazaribagh to Patna (Bihar),https://www.redbus.in/bus-tickets/hazaribagh-to-patna,Sadhvi Rath,A/C Seater / Sleeper (2+1),23:28,05:30,06h 02m,540,1.0,"48 Seats available
10 Single"
Hazaribagh to Patna (Bihar),https://www.redbus.in/bus-tickets/hazaribagh-to-patna,Arzoo Travels,A/C Seater / Sleeper (2+1),23:30,05:00,05h 30m,463,1.2,"28 Seats available
8 Single"
Hazaribagh to Patna (Bihar),https://www.redbus.in/bus-tickets/hazaribagh-to-patna,Rajdhani bus service,Non A/C Seater / Sleeper (2+1),23:45,05:00,05h 15m,523,2.0,"33 Seats available
6 Single"
Hazaribagh to Patna (Bihar),https://www.redbus.in/bus-tickets/hazaribagh-to-patna,Tejas Maa Bhawani,A/C Seater / Sleeper (2+2),21:35,04:01,06h 26m,INR 849,2.3,"20 Seats available
7 Window"
Hazaribagh to Patna (Bihar),https://www.redbus.in/bus-tickets/hazaribagh-to-patna,Tejas Maa Bhawani,A/C Sleeper (2+1),21:41,03:50,06h 09m,INR 849,2.3,"10 Seats available
4 Window"
Ranchi to Patna (Bihar),https://www.redbus.in/bus-tickets/ranchi-to-patna,Bihar state road transport corporation (BSRTC) - 153614,AC Seater (2+2),20:55,05:30,08h 35m,INR 500,3.8,"31 Seats available
13 Window"
Ranchi to Patna (Bihar),https://www.redbus.in/bus-tickets/ranchi-to-patna,MAA SHANTI TRAVELS,A/C Seater / Sleeper (2+1),22:20,05:55,07h 35m,600,4.6,"35 Seats available
10 Single"
Ranchi to Patna (Bihar),https://www.redbus.in/bus-tickets/ranchi-to-patna,Rajdhani bus service,A/C Sleeper (2+1),23:00,05:50,06h 50m,739,4.1,"23 Seats available
5 Single"
Ranchi to Patna (Bihar),https://www.redbus.in/bus-tickets/ranchi-to-patna,MAA SHANTI TRAVELS,A/C Seater/Sleeper (2+1),21:00,06:35,09h 35m,500,3.8,"33 Seats available
7 Single"
Ranchi to Patna (Bihar),https://www.redbus.in/bus-tickets/ranchi-to-patna,Arzoo Travels,A/C Seater / Sleeper (2+1),21:00,05:00,08h 00m,463,3.3,"22 Seats available
4 Single"
Ranchi to Patna (Bihar),https://www.redbus.in/bus-tickets/ranchi-to-patna,Maharani Express,A/C Seater / Sleeper (2+1),23:30,06:50,07h 20m,585,3.1,"30 Seats available
13 Window"
Ranchi to Patna (Bihar),https://www.redbus.in/bus-tickets/ranchi-to-patna,Chandralok Travels,A/C Seater / Sleeper (2+1),21:35,06:30,08h 55m,449,2.5,"50 Seats available
15 Single"
Ranchi to Patna (Bihar),https://www.redbus.in/bus-tickets/ranchi-to-patna,Maharani Express,A/C Seater / Sleeper (2+2),23:35,08:00,08h 25m,540,3.1,"24 Seats available
10 Window"
Ranchi to Patna (Bihar),https://www.redbus.in/bus-tickets/ranchi-to-patna,Mahuli Travels,A/C Seater/Sleeper (2+1),21:15,06:15,09h 00m,495,3.3,"47 Seats available
14 Single"
Ranchi to Patna (Bihar),https://www.redbus.in/bus-tickets/ranchi-to-patna,Hawa Hawai,NON A/C Seater / Sleeper (2+2),06:00,16:30,10h 30m,495,3.0,"85 Seats available
38 Window"
Ranchi to Patna (Bihar),https://www.redbus.in/bus-tickets/ranchi-to-patna,Sri Sai ( Jharkhand Paryatak),A/C Seater / Sleeper (2+1),21:15,06:00,08h 45m,418,3.8,"9 Seats available
2 Single"
Ranchi to Patna (Bihar),https://www.redbus.in/bus-tickets/ranchi-to-patna,VIJAY RATH,A/C Seater / Sleeper (2+1),22:00,06:10,08h 10m,662,3.6,"32 Seats available
7 Single"
Ranchi to Patna (Bihar),https://www.redbus.in/bus-tickets/ranchi-to-patna,Divya Rath,A/C Sleeper (2+1),22:10,05:30,07h 20m,833,3.8,"32 Seats available
6 Single"
Ranchi to Patna (Bihar),https://www.redbus.in/bus-tickets/ranchi-to-patna,Puja Rath,A/C Seater / Sleeper (2+1),20:30,05:30,09h 00m,555,3.1,"45 Seats available
15 Single"
Ranchi to Patna (Bihar),https://www.redbus.in/bus-tickets/ranchi-to-patna,Pihu Enterprises Private Limited,A/C Seater / Sleeper (2+1),22:10,08:10,10h 00m,694,3.5,"7 Seats available
1 Single"
Ranchi to Patna (Bihar),https://www.redbus.in/bus-tickets/ranchi-to-patna,Pihu (yvts),A/C Seater / Sleeper (2+1),21:55,06:10,08h 15m,601,3.0,"27 Seats available
5 Single"
Ranchi to Patna (Bihar),https://www.redbus.in/bus-tickets/ranchi-to-patna,Pappu Travels (yvts),A/C Seater/Sleeper (2+1),16:45,02:40,09h 55m,740,3.0,"8 Seats available
2 Single"
Ranchi to Patna (Bihar),https://www.redbus.in/bus-tickets/ranchi-to-patna,Maharani Transport,A/C Seater / Sleeper (2+2),21:30,07:00,09h 30m,648,3.0,"8 Seats available
4 Window"
Ranchi to Patna (Bihar),https://www.redbus.in/bus-tickets/ranchi-to-patna,Sadhvi Rath,A/C Seater / Sleeper (2+1),20:30,05:30,09h 00m,540,2.2,"47 Seats available
15 Single"
Ranchi to Patna (Bihar),https://www.redbus.in/bus-tickets/ranchi-to-patna,JGD Travels Pvt Ltd.,Bharat Benz A/C Sleeper (2+1),20:35,04:00,07h 25m,900,2.2,"35 Seats available
11 Single"
Ranchi to Patna (Bihar),https://www.redbus.in/bus-tickets/ranchi-to-patna,Maa Bhawani Travels,A/C Seater / Sleeper (2+1),17:10,03:00,09h 50m,540,2.2,1 Seat available
Ranchi to Patna (Bihar),https://www.redbus.in/bus-tickets/ranchi-to-patna,Rajdhani bus service,Non A/C Seater / Sleeper (2+1),21:40,05:00,07h 20m,570,2.8,"37 Seats available
11 Single"
Ranchi to Patna (Bihar),https://www.redbus.in/bus-tickets/ranchi-to-patna,Jai Mata Di Tour and Travels,A/C Seater / Sleeper (2+2),19:15,04:30,09h 15m,925,2.5,"4 Seats available
2 Window"
Ranchi to Patna (Bihar),https://www.redbus.in/bus-tickets/ranchi-to-patna,Tejas Maa Bhawani,A/C Sleeper (2+1),18:30,03:50,09h 20m,INR 900,2.3,"10 Seats available
4 Window"
Ranchi to Patna (Bihar),https://www.redbus.in/bus-tickets/ranchi-to-patna,Tejas Maa Bhawani,A/C Seater / Sleeper (2+2),18:15,04:01,09h 46m,INR 800,2.3,"20 Seats available
7 Window"
Patna (Bihar) to Kathmandu,https://www.redbus.in/bus-tickets/patna-to-kathmandu,Bihar state road transport corporation (BSRTC) - 166033,A/C Seater Hi-Tech Push Back (2+2),13:30,06:15,16h 45m,INR 1015,2.7,"39 Seats available
17 Window"
Patna (Bihar) to Kathmandu,https://www.redbus.in/bus-tickets/patna-to-kathmandu,V.I.P Travels,A/C Seater Hi-Tech Push Back (2+2),13:15,05:30,16h 15m,1040,3.4,"38 Seats available
17 Window"
Muzaffarpur (Bihar) to Ranchi,https://www.redbus.in/bus-tickets/muzaffarpur-to-ranchi,Bihar state road transport corporation (BSRTC) - 153594,AC Seater (2+2),18:00,06:00,12h 00m,INR 605,3.4,"29 Seats available
11 Window"
Muzaffarpur (Bihar) to Ranchi,https://www.redbus.in/bus-tickets/muzaffarpur-to-ranchi,JGD Travels Pvt Ltd.,Bharat Benz A/C Sleeper (2+1),18:10,04:25,10h 15m,900,4.0,"22 Seats available
6 Single"
Muzaffarpur (Bihar) to Ranchi,https://www.redbus.in/bus-tickets/muzaffarpur-to-ranchi,Pawapuri Motors,A/C Seater / Sleeper (2+1),17:30,05:45,12h 15m,720,1.6,"13 Seats available
1 Single"
Muzaffarpur (Bihar) to Ranchi,https://www.redbus.in/bus-tickets/muzaffarpur-to-ranchi,Jai Mata Di Tour and Travels,AC Seater (2+2),17:45,04:45,11h 00m,694,3.6,"31 Seats available
9 Single"
Muzaffarpur (Bihar) to Ranchi,https://www.redbus.in/bus-tickets/muzaffarpur-to-ranchi,Jai Mata Di Tour and Travels,A/C Seater / Sleeper (2+2),18:00,04:30,10h 30m,648,3.8,"26 Seats available
13 Window"
Muzaffarpur (Bihar) to Ranchi,https://www.redbus.in/bus-tickets/muzaffarpur-to-ranchi,Jai Mata Di Tour and Travels,A/C Seater / Sleeper (2+2),19:15,06:00,10h 45m,648,2.7,"30 Seats available
15 Window"
Muzaffarpur (Bihar) to Ranchi,https://www.redbus.in/bus-tickets/muzaffarpur-to-ranchi,Tejas Maa Bhawani,A/C Sleeper (2+1),18:55,06:00,11h 05m,INR 850,3.4,"7 Seats available
3 Window"
Muzaffarpur (Bihar) to Ranchi,https://www.redbus.in/bus-tickets/muzaffarpur-to-ranchi,Tejas Maa Bhawani,A/C Seater / Sleeper (2+2),19:00,05:30,10h 30m,INR 800,3.1,"16 Seats available
6 Window"
Muzaffarpur (Bihar) to Ranchi,https://www.redbus.in/bus-tickets/muzaffarpur-to-ranchi,Tejas Maa Bhawani,AC Sleeper (2+1),18:45,06:00,11h 15m,INR 900,3.1,"4 Seats available
1 Window"
Lucknow to Motihari,https://www.redbus.in/bus-tickets/lucknow-to-motihari,MISHRA BANDHU BUS SERVICE,A/C Seater / Sleeper (2+1),21:30,07:30,10h 00m,INR 800,2.7,"42 Seats available
14 Single"
Lucknow to Motihari,https://www.redbus.in/bus-tickets/lucknow-to-motihari,Panwar Travels,A/C Sleeper (2+1),01:20,17:30,16h 10m,INR 2500,4.3,"36 Seats available
10 Single"
Lucknow to Motihari,https://www.redbus.in/bus-tickets/lucknow-to-motihari,Shree Balajee Travels And Cargo,A/C Seater / Sleeper (2+1),23:30,09:00,09h 30m,1349,1.2,"47 Seats available
11 Single"
Patna (Bihar) to Hazaribagh,https://www.redbus.in/bus-tickets/patna-to-hazaribagh,Bihar state road transport corporation (BSRTC) - 153594,AC Seater (2+2),20:41,04:00,07h 19m,INR 396,2.4,"31 Seats available
13 Window"
Patna (Bihar) to Hazaribagh,https://www.redbus.in/bus-tickets/patna-to-hazaribagh,Rajdhani bus service,Non A/C Seater / Sleeper (2+1),18:30,01:30,07h 00m,523,3.3,"30 Seats available
7 Single"
Patna (Bihar) to Hazaribagh,https://www.redbus.in/bus-tickets/patna-to-hazaribagh,Arzoo Travels,A/C Seater / Sleeper (2+1),20:30,02:30,06h 00m,463,3.4,"11 Seats available
1 Single"
Patna (Bihar) to Hazaribagh,https://www.redbus.in/bus-tickets/patna-to-hazaribagh,Sadhvi Rath,A/C Seater / Sleeper (2+1),20:40,02:40,06h 00m,540,3.1,"41 Seats available
10 Single"
Patna (Bihar) to Hazaribagh,https://www.redbus.in/bus-tickets/patna-to-hazaribagh,Arzoo Travels,Bharat Benz A/C Seater /Sleeper (2+1),20:45,03:30,06h 45m,481,3.4,"19 Seats available
4 Single"
Patna (Bihar) to Hazaribagh,https://www.redbus.in/bus-tickets/patna-to-hazaribagh,Chandralok Travels,A/C Seater / Sleeper (2+1),21:20,04:30,07h 10m,473,2.6,"45 Seats available
12 Single"
Patna (Bihar) to Hazaribagh,https://www.redbus.in/bus-tickets/patna-to-hazaribagh,Sri Sai ( Jharkhand Paryatak),A/C Seater / Sleeper (2+1),21:00,04:30,07h 30m,456,4.1,"11 Seats available
2 Single"
Patna (Bihar) to Hazaribagh,https://www.redbus.in/bus-tickets/patna-to-hazaribagh,MAA SHANTI TRAVELS,A/C Seater/Sleeper (2+1),21:25,04:20,06h 55m,500,3.3,"40 Seats available
5 Single"
Patna (Bihar) to Hazaribagh,https://www.redbus.in/bus-tickets/patna-to-hazaribagh,Maharani Express,A/C Seater / Sleeper (2+2),18:00,01:45,07h 45m,450,2.7,"24 Seats available
10 Window"
Patna (Bihar) to Hazaribagh,https://www.redbus.in/bus-tickets/patna-to-hazaribagh,Rajshri Travels,Non A/C Seater / Sleeper (2+1),22:00,05:00,07h 00m,INR 399,4.8,"38 Seats available
14 Single"
Patna (Bihar) to Hazaribagh,https://www.redbus.in/bus-tickets/patna-to-hazaribagh,Mahuli Travels,A/C Seater / Sleeper (2+1),21:00,04:00,07h 00m,649,2.6,"43 Seats available
4 Single"
Patna (Bihar) to Hazaribagh,https://www.redbus.in/bus-tickets/patna-to-hazaribagh,Puja Rath,A/C Seater / Sleeper (2+1),21:00,03:30,06h 30m,555,1.9,"45 Seats available
15 Single"
Patna (Bihar) to Hazaribagh,https://www.redbus.in/bus-tickets/patna-to-hazaribagh,Sri Krishna Rath,A/C Seater / Sleeper (2+1),21:00,05:00,08h 00m,450,1.7,"16 Seats available
6 Single"
Patna (Bihar) to Hazaribagh,https://www.redbus.in/bus-tickets/patna-to-hazaribagh,MAA SHANTI TRAVELS,A/C Seater / Sleeper (2+1),20:27,03:15,06h 48m,700,3.6,"24 Seats available
2 Single"
Patna (Bihar) to Hazaribagh,https://www.redbus.in/bus-tickets/patna-to-hazaribagh,KRISHNA RATH LUXURY,A/C Seater / Sleeper (2+1),21:00,03:00,06h 00m,INR 550,1.7,"34 Seats available
8 Single"
Patna (Bihar) to Hazaribagh,https://www.redbus.in/bus-tickets/patna-to-hazaribagh,Divya Rath,A/C Sleeper (2+1),20:15,03:00,06h 45m,833,4.2,"28 Seats available
4 Single"
Patna (Bihar) to Hazaribagh,https://www.redbus.in/bus-tickets/patna-to-hazaribagh,Pappu Travels (yvts),A/C Seater/Sleeper (2+1),21:30,03:30,06h 00m,740,3.0,"7 Seats available
1 Single"
Patna (Bihar) to Hazaribagh,https://www.redbus.in/bus-tickets/patna-to-hazaribagh,Tejas Maa Bhawani,A/C Seater / Sleeper (2+2),21:30,02:30,05h 00m,INR 800,2.3,"16 Seats available
6 Window"
Patna (Bihar) to Hazaribagh,https://www.redbus.in/bus-tickets/patna-to-hazaribagh,Tejas Maa Bhawani,A/C Sleeper (2+1),21:30,04:00,06h 30m,INR 799,2.3,"7 Seats available
3 Window"
Ranchi to Muzaffarpur (Bihar),https://www.redbus.in/bus-tickets/ranchi-to-muzaffarpur,Bihar state road transport corporation (BSRTC) - 153614,AC Seater (2+2),20:55,07:30,10h 35m,INR 605,2.9,"33 Seats available
14 Window"
Ranchi to Muzaffarpur (Bihar),https://www.redbus.in/bus-tickets/ranchi-to-muzaffarpur,JGD Travels Pvt Ltd.,Bharat Benz A/C Sleeper (2+1),20:35,06:15,09h 40m,900,3.6,"35 Seats available
11 Single"
Ranchi to Muzaffarpur (Bihar),https://www.redbus.in/bus-tickets/ranchi-to-muzaffarpur,Pawapuri Motors,A/C Seater / Sleeper (2+1),18:25,07:00,12h 35m,810,3.8,9 Seats available
Ranchi to Muzaffarpur (Bihar),https://www.redbus.in/bus-tickets/ranchi-to-muzaffarpur,Tejas Maa Bhawani,A/C Seater / Sleeper (2+2),18:15,05:30,11h 15m,INR 849,2.9,"20 Seats available
7 Window"
Ranchi to Muzaffarpur (Bihar),https://www.redbus.in/bus-tickets/ranchi-to-muzaffarpur,Jai Mata Di Tour and Travels,A/C Seater / Sleeper (2+2),18:45,04:15,09h 30m,925,1.1,"4 Seats available
2 Window"
Ranchi to Muzaffarpur (Bihar),https://www.redbus.in/bus-tickets/ranchi-to-muzaffarpur,Jai Mata Di Tour and Travels,A/C Seater / Sleeper (2+2),19:15,06:30,11h 15m,648,2.4,"4 Seats available
2 Window"
Ranchi to Muzaffarpur (Bihar),https://www.redbus.in/bus-tickets/ranchi-to-muzaffarpur,Pawapuri Motors,A/C Seater / Sleeper (2+1),17:00,05:45,12h 45m,810,2.5,"9 Seats available
3 Single"
Ranchi to Muzaffarpur (Bihar),https://www.redbus.in/bus-tickets/ranchi-to-muzaffarpur,Tejas Maa Bhawani,A/C Sleeper (2+1),18:30,05:15,10h 45m,INR 900,2.4,"10 Seats available
4 Window"
Ranchi to Muzaffarpur (Bihar),https://www.redbus.in/bus-tickets/ranchi-to-muzaffarpur,Jai Mata Di Tour and Travels,AC Seater (2+2),20:00,05:00,09h 00m,1018,1.8,"4 Seats available
1 Window"
Patna (Bihar) to Raxaul,https://www.redbus.in/bus-tickets/patna-to-raxaul,Bihar state road transport corporation (BSRTC) - 150571,Non AC Seater (2+2),21:20,04:30,07h 10m,INR 293,3.5,"33 Seats available
14 Window"
Patna (Bihar) to Raxaul,https://www.redbus.in/bus-tickets/patna-to-raxaul,Jai Hanuman Travels,A/C Seater / Sleeper (2+2),22:00,05:00,07h 00m,INR 550,3.3,"52 Seats available
21 Window"
Purnea to Patna (Bihar),https://www.redbus.in/bus-tickets/purnea-to-patna,Bihar state road transport corporation (BSRTC) - 156563,AC Seater (2+2),19:00,04:00,09h 00m,INR 468,3.8,"36 Seats available
18 Window"
Purnea to Patna (Bihar),https://www.redbus.in/bus-tickets/purnea-to-patna,AITIANA CRUISELINERS,A/C Seater / Sleeper (2+1),21:00,06:00,09h 00m,INR 500,4.0,"9 Seats available
3 Window"
Purnea to Patna (Bihar),https://www.redbus.in/bus-tickets/purnea-to-patna,Aitiana Airwings,Benz A/C Sleeper (2+1),21:00,05:00,08h 00m,585,4.2,"12 Seats available
4 Window"
Purnea to Patna (Bihar),https://www.redbus.in/bus-tickets/purnea-to-patna,MAA SHANTI TRAVELS,A/C Seater / Sleeper (2+1),20:10,05:00,08h 50m,600,4.1,"36 Seats available
12 Single"
Purnea to Patna (Bihar),https://www.redbus.in/bus-tickets/purnea-to-patna,Divya Rath,A/C Sleeper (2+1),20:30,05:30,09h 00m,601,4.1,"10 Seats available
4 Window"
Purnea to Patna (Bihar),https://www.redbus.in/bus-tickets/purnea-to-patna,AITIANA CRUISELINERS,Bharat Benz A/C Seater /Sleeper (2+1),20:15,05:15,09h 00m,INR 500,3.9,"10 Seats available
5 Window"
Purnea to Patna (Bihar),https://www.redbus.in/bus-tickets/purnea-to-patna,Hawa Hawai,A/C Seater / Sleeper (2+1),20:30,05:30,09h 00m,495,2.8,"7 Seats available
3 Single"
Purnea to Patna (Bihar),https://www.redbus.in/bus-tickets/purnea-to-patna,MAA KAMAKHYA DREAMLINER,A/C Seater / Sleeper (2+1),20:10,05:00,08h 50m,495,4.2,"23 Seats available
3 Single"
Purnea to Patna (Bihar),https://www.redbus.in/bus-tickets/purnea-to-patna,Sadhvi Rath,A/C Seater / Sleeper (2+1),19:36,05:36,10h 00m,468,3.5,"14 Seats available
2 Single"
Purnea to Patna (Bihar),https://www.redbus.in/bus-tickets/purnea-to-patna,Raj Bus Services,A/C Seater / Sleeper (2+1),13:35,20:35,07h 00m,463,3.3,"21 Seats available
7 Single"
Purnea to Patna (Bihar),https://www.redbus.in/bus-tickets/purnea-to-patna,Aarush Krrish,A/C Seater / Sleeper (2+1),21:00,05:30,08h 30m,540,3.2,"48 Seats available
16 Single"
Purnea to Patna (Bihar),https://www.redbus.in/bus-tickets/purnea-to-patna,Sri Krishna Rath,A/C Seater / Sleeper (2+2),21:00,04:15,07h 15m,INR 449,1.2,"27 Seats available
1 Single"
Purnea to Patna (Bihar),https://www.redbus.in/bus-tickets/purnea-to-patna,Shatabdi Travels,A/C Seater / Sleeper (2+1),19:30,04:30,09h 00m,585,3.9,"43 Seats available
13 Single"
Purnea to Patna (Bihar),https://www.redbus.in/bus-tickets/purnea-to-patna,Maa Satyabhama Rath,A/C Seater / Sleeper (2+1),21:00,06:00,09h 00m,INR 600,4.0,"28 Seats available
8 Single"
Purnea to Patna (Bihar),https://www.redbus.in/bus-tickets/purnea-to-patna,MAA SHANTI TRAVELS,A/C Seater / Sleeper (2+1),20:45,05:15,08h 30m,600,3.7,28 Seats available
Purnea to Patna (Bihar),https://www.redbus.in/bus-tickets/purnea-to-patna,Sri Krishna Tours and Travels,A/C Seater / Sleeper (2+2),21:00,05:20,08h 20m,569,3.3,"15 Seats available
7 Window"
Purnea to Patna (Bihar),https://www.redbus.in/bus-tickets/purnea-to-patna,Raj Bus Services,A/C Seater / Sleeper (2+2),22:45,07:45,09h 00m,463,3.3,"9 Seats available
4 Window"
Purnea to Patna (Bihar),https://www.redbus.in/bus-tickets/purnea-to-patna,Aitiana Travels,NON A/C Seater / Sleeper (2+2),20:00,06:00,10h 00m,INR 300,4.0,"12 Seats available
4 Window"
Purnea to Patna (Bihar),https://www.redbus.in/bus-tickets/purnea-to-patna,Sree Balaji Travels,A/C Seater / Sleeper (2+1),19:30,04:30,09h 00m,INR 550,1.0,4 Seats available
Purnea to Patna (Bihar),https://www.redbus.in/bus-tickets/purnea-to-patna,Meera Travels (Yvts),A/C Seater / Sleeper (2+1),20:15,06:15,10h 00m,555,1.5,"7 Seats available
2 Single"
Purnea to Patna (Bihar),https://www.redbus.in/bus-tickets/purnea-to-patna,Shivam Travels,NON A/C Seater / Sleeper (2+2),20:30,05:00,08h 30m,INR 450,1.2,"43 Seats available
18 Window"
Purnea to Patna (Bihar),https://www.redbus.in/bus-tickets/purnea-to-patna,Shri Sai Krishna Luxury,A/C Seater / Sleeper (2+1),20:00,05:30,09h 30m,INR 600,2.6,"51 Seats available
11 Single"
Purnea to Patna (Bihar),https://www.redbus.in/bus-tickets/purnea-to-patna,Shree Sai Krishna Luxury,A/C Seater / Sleeper (2+1),20:00,05:00,09h 00m,INR 700,2.6,42 Seats available
Purnea to Patna (Bihar),https://www.redbus.in/bus-tickets/purnea-to-patna,Vivek Travels (yvts),A/C Seater/Sleeper (2+1),22:00,05:20,07h 20m,601,1.5,"17 Seats available
4 Single"
Agra to Motihari,https://www.redbus.in/bus-tickets/agra-to-motihari,Panwar Travels,A/C Sleeper (2+1),21:45,17:30,19h 45m,INR 2500,2.8,"36 Seats available
10 Single"
Agra to Motihari,https://www.redbus.in/bus-tickets/agra-to-motihari,Shree Balajee Travels And Cargo,NON A/C Seater/ Sleeper (2+1),21:30,15:30,0-6h 00m,1350,1.2,"40 Seats available
12 Single"
Agra to Motihari,https://www.redbus.in/bus-tickets/agra-to-motihari,Shree Balajee Travels And Cargo,A/C Seater / Sleeper (2+1),18:00,09:00,15h 00m,1349,1.2,"47 Seats available
11 Single"
Hazaribagh to Muzaffarpur (Bihar),https://www.redbus.in/bus-tickets/hazaribagh-to-muzaffarpur,Bihar state road transport corporation (BSRTC) - 153614,AC Seater (2+2),23:15,07:30,08h 15m,INR 484,3.3,"33 Seats available
14 Window"
Hazaribagh to Muzaffarpur (Bihar),https://www.redbus.in/bus-tickets/hazaribagh-to-muzaffarpur,Pawapuri Motors,A/C Seater / Sleeper (2+1),21:45,05:45,08h 00m,765,1.5,"9 Seats available
7 Window"
Hazaribagh to Muzaffarpur (Bihar),https://www.redbus.in/bus-tickets/hazaribagh-to-muzaffarpur,Tejas Maa Bhawani,A/C Seater / Sleeper (2+2),21:35,05:30,07h 55m,INR 849,2.9,"20 Seats available
7 Window"
Hazaribagh to Muzaffarpur (Bihar),https://www.redbus.in/bus-tickets/hazaribagh-to-muzaffarpur,Tejas Maa Bhawani,A/C Sleeper (2+1),21:41,05:15,07h 34m,INR 849,2.4,"10 Seats available
4 Window"
Motihari to Agra,https://www.redbus.in/bus-tickets/motihari-to-agra,Bihar state road transport corporation (BSRTC) - 152154,Volvo AC Seater 2+2,15:30,05:00,13h 30m,1025,4.0,"47 Seats available
23 Window"
Motihari to Agra,https://www.redbus.in/bus-tickets/motihari-to-agra,Panwar Travels,A/C Sleeper (2+1),15:40,06:15,14h 35m,INR 2500,2.8,"26 Seats available
9 Single"
Motihari to Agra,https://www.redbus.in/bus-tickets/motihari-to-agra,Travel Point World LLP,A/C Seater / Sleeper (2+2),18:20,06:50,12h 30m,1899,1.6,"38 Seats available
15 Window"
Motihari to Agra,https://www.redbus.in/bus-tickets/motihari-to-agra,Baba Khatushyam Travels Pvt Ltd,A/C Seater / Sleeper (3+1),17:35,07:30,13h 55m,INR 1050,1.5,"58 Seats available
10 Single"
Motihari to Agra,https://www.redbus.in/bus-tickets/motihari-to-agra,Shree Balajee Travels And Cargo,A/C Seater / Sleeper (2+1),15:00,06:43,15h 43m,1169,1.2,"47 Seats available
11 Single"
Motihari to Lucknow,https://www.redbus.in/bus-tickets/motihari-to-lucknow,Bihar state road transport corporation (BSRTC) - 152154,Volvo AC Seater 2+2,15:30,01:00,09h 30m,680,3.5,"47 Seats available
23 Window"
Motihari to Lucknow,https://www.redbus.in/bus-tickets/motihari-to-lucknow,MISHRA BANDHU BUS SERVICE,A/C Seater / Sleeper (2+1),16:55,04:14,11h 19m,INR 849,2.6,"32 Seats available
11 Single"
Motihari to Lucknow,https://www.redbus.in/bus-tickets/motihari-to-lucknow,Panwar Travels,A/C Sleeper (2+1),15:40,01:40,10h 00m,INR 2500,4.3,"26 Seats available
9 Single"
Motihari to Lucknow,https://www.redbus.in/bus-tickets/motihari-to-lucknow,Travel Point World LLP,A/C Seater / Sleeper (2+2),18:20,03:20,09h 00m,1899,1.6,"38 Seats available
15 Window"
Motihari to Lucknow,https://www.redbus.in/bus-tickets/motihari-to-lucknow,Baba Khatushyam Travels Pvt Ltd,A/C Seater / Sleeper (3+1),17:35,03:00,09h 25m,INR 1050,1.5,"58 Seats available
10 Single"
Motihari to Lucknow,https://www.redbus.in/bus-tickets/motihari-to-lucknow,Shree Balajee Travels And Cargo,A/C Seater / Sleeper (2+1),15:00,01:00,10h 00m,1169,1.2,"47 Seats available
11 Single"
Motihari to Lucknow,https://www.redbus.in/bus-tickets/motihari-to-lucknow,Shree Balajee Travels And Cargo,A/C Sleeper (2+1),21:31,04:01,06h 30m,1349,1.2,"36 Seats available
12 Single"
Muzaffarpur (Bihar) to Hazaribagh,https://www.redbus.in/bus-tickets/muzaffarpur-to-hazaribagh,Bihar state road transport corporation (BSRTC) - 153594,AC Seater (2+2),18:00,04:00,10h 00m,INR 484,3.6,"32 Seats available
13 Window"
Muzaffarpur (Bihar) to Hazaribagh,https://www.redbus.in/bus-tickets/muzaffarpur-to-hazaribagh,Pawapuri Motors,A/C Seater / Sleeper (2+1),17:30,03:00,09h 30m,675,2.2,"13 Seats available
1 Single"
Muzaffarpur (Bihar) to Hazaribagh,https://www.redbus.in/bus-tickets/muzaffarpur-to-hazaribagh,Tejas Maa Bhawani,A/C Seater / Sleeper (2+2),19:00,02:30,07h 30m,INR 800,2.3,"16 Seats available
6 Window"
Muzaffarpur (Bihar) to Hazaribagh,https://www.redbus.in/bus-tickets/muzaffarpur-to-hazaribagh,Tejas Maa Bhawani,AC Sleeper (2+1),18:45,03:25,08h 40m,INR 900,2.3,"4 Seats available
1 Window"
Katihar to Patna (Bihar),https://www.redbus.in/bus-tickets/katihar-to-patna,Bihar state road transport corporation (BSRTC) - 156563,AC Seater (2+2),18:00,04:00,10h 00m,INR 468,3.7,"36 Seats available
18 Window"
Katihar to Patna (Bihar),https://www.redbus.in/bus-tickets/katihar-to-patna,SOBHA TRAVELS (A.T),A/C Seater / Sleeper (2+1),20:00,05:00,09h 00m,495,1.8,"30 Seats available
10 Single"
Patna (Bihar) to Araria (Bihar),https://www.redbus.in/bus-tickets/patna-to-araria,Bihar state road transport corporation (BSRTC) - 142847,AC Seater (2+2),21:25,04:35,07h 10m,INR 468,4.0,"36 Seats available
18 Window"
Patna (Bihar) to Araria (Bihar),https://www.redbus.in/bus-tickets/patna-to-araria,Divya Rath,A/C Sleeper (2+1),20:45,04:45,08h 00m,601,4.5,"34 Seats available
10 Single"
Patna (Bihar) to Araria (Bihar),https://www.redbus.in/bus-tickets/patna-to-araria,AITIANA CRUISELINERS,Bharat Benz A/C Seater /Sleeper (2+1),20:20,04:30,08h 10m,INR 500,3.2,"13 Seats available
3 Single"
Patna (Bihar) to Araria (Bihar),https://www.redbus.in/bus-tickets/patna-to-araria,Sadhvi Rath,A/C Seater / Sleeper (2+1),20:20,05:10,08h 50m,495,2.7,"48 Seats available
16 Single"
Patna (Bihar) to Araria (Bihar),https://www.redbus.in/bus-tickets/patna-to-araria,Hawa Hawai,A/C Seater / Sleeper (2+1),20:00,04:00,08h 00m,540,2.6,"10 Seats available
4 Single"
Patna (Bihar) to Araria (Bihar),https://www.redbus.in/bus-tickets/patna-to-araria,MAA SHANTI TRAVELS,A/C Seater / Sleeper (2+1),22:10,05:25,07h 15m,600,4.7,37 Seats available
Patna (Bihar) to Araria (Bihar),https://www.redbus.in/bus-tickets/patna-to-araria,AITIANA CRUISELINERS,A/C Seater / Sleeper (2+1),21:15,05:30,08h 15m,INR 600,4.3,"11 Seats available
1 Single"
Patna (Bihar) to Araria (Bihar),https://www.redbus.in/bus-tickets/patna-to-araria,Sri Krishna Tours and Travels,A/C Seater / Sleeper (2+2),20:30,04:55,08h 25m,570,3.3,"44 Seats available
22 Window"
Patna (Bihar) to Araria (Bihar),https://www.redbus.in/bus-tickets/patna-to-araria,Maa Satyabhama Rath,A/C Seater / Sleeper (2+1),21:00,05:30,08h 30m,INR 600,3.5,"45 Seats available
15 Single"
Patna (Bihar) to Araria (Bihar),https://www.redbus.in/bus-tickets/patna-to-araria,Shatabdi Travels,A/C Seater / Sleeper (2+1),22:00,06:00,08h 00m,675,3.4,"38 Seats available
9 Single"
Patna (Bihar) to Araria (Bihar),https://www.redbus.in/bus-tickets/patna-to-araria,Shri Sai Krishna Luxury,A/C Seater / Sleeper (2+1),21:15,05:45,08h 30m,INR 600,3.4,"51 Seats available
11 Single"
Patna (Bihar) to Araria (Bihar),https://www.redbus.in/bus-tickets/patna-to-araria,Shree Sai Krishna Luxury,A/C Seater / Sleeper (2+1),21:15,06:30,09h 15m,INR 600,2.7,"42 Seats available
14 Single"
Patna (Bihar) to Araria (Bihar),https://www.redbus.in/bus-tickets/patna-to-araria,Sri Krishna Rath,A/C Seater / Sleeper (2+2),21:00,05:45,08h 45m,450,2.1,"25 Seats available
12 Window"
Patna (Bihar) to Forbesganj,https://www.redbus.in/bus-tickets/patna-to-forbesganj,Bihar state road transport corporation (BSRTC) - 142847,AC Seater (2+2),21:25,04:00,06h 35m,INR 450,3.9,"36 Seats available
18 Window"
Patna (Bihar) to Forbesganj,https://www.redbus.in/bus-tickets/patna-to-forbesganj,Raj Bus Services,Bharat Benz A/C Seater /Sleeper (2+1),18:25,02:15,07h 50m,463,3.4,"23 Seats available
4 Single"
Patna (Bihar) to Forbesganj,https://www.redbus.in/bus-tickets/patna-to-forbesganj,Raj Bus Services,Bharat Benz A/C Seater /Sleeper (2+1),20:35,04:05,07h 30m,463,3.4,"43 Seats available
10 Single"
Patna (Bihar) to Forbesganj,https://www.redbus.in/bus-tickets/patna-to-forbesganj,Divya Rath,A/C Sleeper (2+1),20:45,03:45,07h 00m,601,4.6,"38 Seats available
6 Single"
Patna (Bihar) to Forbesganj,https://www.redbus.in/bus-tickets/patna-to-forbesganj,Raj Bus Services,A/C Seater / Sleeper (2+1),16:55,02:05,09h 10m,463,3.4,"24 Seats available
6 Single"
Patna (Bihar) to Forbesganj,https://www.redbus.in/bus-tickets/patna-to-forbesganj,Raj Bus Services,A/C Seater / Sleeper (2+1),19:25,04:05,08h 40m,463,3.4,"26 Seats available
8 Single"
Patna (Bihar) to Forbesganj,https://www.redbus.in/bus-tickets/patna-to-forbesganj,Sadhvi Rath,A/C Seater / Sleeper (2+1),20:20,03:05,06h 45m,495,2.8,"48 Seats available
10 Single"
Patna (Bihar) to Forbesganj,https://www.redbus.in/bus-tickets/patna-to-forbesganj,Sri Krishna Tours and Travels,A/C Seater / Sleeper (2+2),20:30,04:10,07h 40m,570,3.3,"43 Seats available
21 Window"
Patna (Bihar) to Forbesganj,https://www.redbus.in/bus-tickets/patna-to-forbesganj,MAA SHANTI TRAVELS,A/C Seater / Sleeper (2+1),22:10,05:00,06h 50m,600,4.6,32 Seats available
Patna (Bihar) to Forbesganj,https://www.redbus.in/bus-tickets/patna-to-forbesganj,Shatabdi Travels,A/C Seater / Sleeper (2+1),21:00,04:45,07h 45m,540,3.0,"47 Seats available
15 Single"
Patna (Bihar) to Forbesganj,https://www.redbus.in/bus-tickets/patna-to-forbesganj,Maa Satyabhama Rath,A/C Seater / Sleeper (2+1),21:00,04:45,07h 45m,INR 600,3.7,"39 Seats available
9 Single"
Patna (Bihar) to Forbesganj,https://www.redbus.in/bus-tickets/patna-to-forbesganj,Shri Sai Krishna Luxury,A/C Seater / Sleeper (2+1),21:15,04:45,07h 30m,INR 600,2.9,"51 Seats available
11 Single"
Patna (Bihar) to Forbesganj,https://www.redbus.in/bus-tickets/patna-to-forbesganj,Aarush Krrish,A/C Seater / Sleeper (2+1),21:00,04:00,07h 00m,540,2.3,"46 Seats available
16 Single"
Patna (Bihar) to Forbesganj,https://www.redbus.in/bus-tickets/patna-to-forbesganj,Shatabdi Travels,A/C Seater / Sleeper (2+1),22:00,05:45,07h 45m,675,2.9,"38 Seats available
9 Single"
Patna (Bihar) to Forbesganj,https://www.redbus.in/bus-tickets/patna-to-forbesganj,Shree Sai Krishna Luxury,A/C Seater / Sleeper (2+1),21:15,06:10,08h 55m,INR 600,2.6,42 Seats available
Patna (Bihar) to Forbesganj,https://www.redbus.in/bus-tickets/patna-to-forbesganj,Sri Krishna Rath,A/C Seater / Sleeper (2+2),21:00,04:30,07h 30m,INR 450,1.7,"25 Seats available
12 Window"
Darbhanga to Patna (Bihar),https://www.redbus.in/bus-tickets/darbhanga-to-patna,Bihar state road transport corporation (BSRTC) - 150470,AC Seater (2+2),07:00,11:00,04h 00m,INR 248,1.2,"43 Seats available
21 Window"
Darbhanga to Patna (Bihar),https://www.redbus.in/bus-tickets/darbhanga-to-patna,V.I.P Travels,Tata A/C Seater (2+2),04:45,08:30,03h 45m,INR 250,3.0,"38 Seats available
16 Window"
Darbhanga to Patna (Bihar),https://www.redbus.in/bus-tickets/darbhanga-to-patna,Sri Krishna Tours and Travels,A/C Seater Push Back (2+2),12:20,16:00,03h 40m,333,3.2,"15 Seats available
7 Window"
Darbhanga to Patna (Bihar),https://www.redbus.in/bus-tickets/darbhanga-to-patna,Sri Krishna Tours and Travels,A/C Seater Push Back (2+2),16:30,20:00,03h 30m,314,3.5,"8 Seats available
4 Window"
Darbhanga to Patna (Bihar),https://www.redbus.in/bus-tickets/darbhanga-to-patna,Sri Krishna Tours and Travels,A/C Seater Push Back (2+2),17:00,20:55,03h 55m,314,3.6,"7 Seats available
3 Window"
Darbhanga to Patna (Bihar),https://www.redbus.in/bus-tickets/darbhanga-to-patna,Sri Krishna Tours and Travels,A/C Seater Push Back (2+2),04:55,09:20,04h 25m,314,2.8,"14 Seats available
7 Window"
Darbhanga to Patna (Bihar),https://www.redbus.in/bus-tickets/darbhanga-to-patna,Shiv Ganga Travels,NON A/C Seater Push Back (2+2),06:08,10:00,03h 52m,INR 300,1.4,"24 Seats available
12 Window"
Darbhanga to Patna (Bihar),https://www.redbus.in/bus-tickets/darbhanga-to-patna,Shiv Ganga Travels,AC Seater (2+2),07:46,11:30,03h 44m,INR 330,1.0,24 Seats available
Darbhanga to Patna (Bihar),https://www.redbus.in/bus-tickets/darbhanga-to-patna,Shiv Ganga Travels,AC Seater (2+2),10:46,14:30,03h 44m,INR 330,1.4,45 Seats available
Darbhanga to Patna (Bihar),https://www.redbus.in/bus-tickets/darbhanga-to-patna,Shiv Ganga Travels,A/C Seater (2+2),11:13,15:00,03h 47m,INR 330,2.1,28 Seats available
Darbhanga to Patna (Bihar),https://www.redbus.in/bus-tickets/darbhanga-to-patna,Sri Krishna Tours and Travels,A/C Seater Push Back (2+2),13:30,17:15,03h 45m,314,2.4,"4 Seats available
2 Window"
Darbhanga to Patna (Bihar),https://www.redbus.in/bus-tickets/darbhanga-to-patna,Shiv Ganga Travels,A/C Seater (2+2),14:06,17:40,03h 34m,INR 330,1.0,"28 Seats available
14 Window"
Patna (Bihar) to Saharsa,https://www.redbus.in/bus-tickets/patna-to-saharsa,Bihar state road transport corporation (BSRTC) - 152896,Non AC Seater (2+2),21:59,06:00,08h 01m,INR 400,2.8,"8 Seats available
4 Window"
Patna (Bihar) to Saharsa,https://www.redbus.in/bus-tickets/patna-to-saharsa,Rukmanti (AT),A/C Seater / Sleeper (2+1),20:00,05:00,09h 00m,509,1.3,"38 Seats available
7 Single"
Patna (Bihar) to Saharsa,https://www.redbus.in/bus-tickets/patna-to-saharsa,Tiwari Motors,A/C Seater / Sleeper (2+1),20:00,05:05,09h 05m,INR 449,2.0,"28 Seats available
14 Window"
Patna (Bihar) to Saharsa,https://www.redbus.in/bus-tickets/patna-to-saharsa,Raj Rath,A/C Seater / Sleeper (2+2),21:00,06:00,09h 00m,INR 425,2.3,"24 Seats available
11 Window"
Patna (Bihar) to Saharsa,https://www.redbus.in/bus-tickets/patna-to-saharsa,Sri Krishna Rath,A/C Seater / Sleeper (2+2),21:00,04:30,07h 30m,630,1.7,"25 Seats available
12 Window"
Patna (Bihar) to Darbhanga,https://www.redbus.in/bus-tickets/patna-to-darbhanga,Bihar state road transport corporation (BSRTC) - 150465,Non AC Seater (2+2),05:00,09:00,04h 00m,INR 213,1.5,"41 Seats available
18 Window"
Patna (Bihar) to Darbhanga,https://www.redbus.in/bus-tickets/patna-to-darbhanga,Sri Krishna Tours and Travels,A/C Seater Push Back (2+2),06:20,10:00,03h 40m,333,3.6,"10 Seats available
5 Window"
Patna (Bihar) to Darbhanga,https://www.redbus.in/bus-tickets/patna-to-darbhanga,Sri Krishna Tours and Travels,A/C Seater Push Back (2+2),12:00,17:25,05h 25m,314,3.3,"17 Seats available
8 Window"
Patna (Bihar) to Darbhanga,https://www.redbus.in/bus-tickets/patna-to-darbhanga,Shiv Ganga Travels,AC Seater (2+2),05:46,09:30,03h 44m,INR 330,1.4,"36 Seats available
18 Window"
Patna (Bihar) to Darbhanga,https://www.redbus.in/bus-tickets/patna-to-darbhanga,Sri Krishna Tours and Travels,A/C Seater Push Back (2+2),08:00,11:30,03h 30m,333,2.8,"12 Seats available
6 Window"
Patna (Bihar) to Darbhanga,https://www.redbus.in/bus-tickets/patna-to-darbhanga,Sri Krishna Tours and Travels,A/C Seater Push Back (2+2),08:50,12:30,03h 40m,314,2.6,"10 Seats available
5 Window"
Patna (Bihar) to Darbhanga,https://www.redbus.in/bus-tickets/patna-to-darbhanga,Shiv Ganga Travels,AC Seater (2+2),09:17,13:15,03h 58m,INR 330,1.4,"36 Seats available
18 Window"
Patna (Bihar) to Darbhanga,https://www.redbus.in/bus-tickets/patna-to-darbhanga,Shiv Ganga Travels,NON A/C Seater Push Back (2+2),10:15,14:30,04h 15m,INR 300,1.4,"36 Seats available
18 Window"
Patna (Bihar) to Darbhanga,https://www.redbus.in/bus-tickets/patna-to-darbhanga,Shiv Ganga Travels,A/C Seater (2+2),11:56,16:00,04h 04m,INR 330,1.4,"36 Seats available
18 Window"
Patna (Bihar) to Darbhanga,https://www.redbus.in/bus-tickets/patna-to-darbhanga,Shiv Ganga Travels,A/C Seater (2+2),13:09,17:00,03h 51m,INR 330,1.4,"36 Seats available
18 Window"
Patna (Bihar) to Darbhanga,https://www.redbus.in/bus-tickets/patna-to-darbhanga,Shiv Ganga Travels,NON A/C Seater (2+2),15:29,19:30,04h 01m,INR 300,1.4,"36 Seats available
18 Window"
Patna (Bihar) to Darbhanga,https://www.redbus.in/bus-tickets/patna-to-darbhanga,Shiv Ganga Travels,NON A/C Seater (2+2),17:09,21:30,04h 21m,INR 300,1.4,"36 Seats available
18 Window"
Patna (Bihar) to Darbhanga,https://www.redbus.in/bus-tickets/patna-to-darbhanga,Sri Krishna Rath,A/C Seater / Sleeper (2+2),21:00,00:00,03h 00m,450,1.7,"25 Seats available
12 Window"
Patna (Bihar) to Darbhanga,https://www.redbus.in/bus-tickets/patna-to-darbhanga,Sri Krishna Tours and Travels,A/C Seater / Sleeper (2+1),20:25,23:45,03h 20m,618,3.0,"32 Seats available
8 Single"
Patna (Bihar) to Darbhanga,https://www.redbus.in/bus-tickets/patna-to-darbhanga,Sri Krishna Tours and Travels,A/C Seater / Sleeper (2+2),20:30,23:50,03h 20m,523,3.0,"44 Seats available
22 Window"
Patna (Bihar) to Darbhanga,https://www.redbus.in/bus-tickets/patna-to-darbhanga,MAA SHANTI TRAVELS,A/C Seater / Sleeper (2+1),22:10,01:20,03h 10m,600,3.4,"39 Seats available
13 Single"
Lucknow to Darbhanga,https://www.redbus.in/bus-tickets/lucknow-to-darbhanga,Bihar state road transport corporation (BSRTC) - 152185,Volvo AC Seater 2+2,23:00,10:30,11h 30m,935,3.3,"33 Seats available
15 Window"
Lucknow to Darbhanga,https://www.redbus.in/bus-tickets/lucknow-to-darbhanga,Shree Balajee Travels And Cargo,A/C Seater / Sleeper (2+1),23:30,11:30,12h 00m,1349,1.2,"47 Seats available
11 Single"
Patna (Bihar) to Muzaffarpur (Bihar),https://www.redbus.in/bus-tickets/patna-to-muzaffarpur,Bihar state road transport corporation (BSRTC) - 153614,AC Seater (2+2),05:30,07:30,02h 00m,INR 158,2.1,"25 Seats available
10 Window"
Patna (Bihar) to Muzaffarpur (Bihar),https://www.redbus.in/bus-tickets/patna-to-muzaffarpur,Bihar state road transport corporation (BSRTC) - 160830,Non AC Seater (2+3),21:30,00:01,02h 31m,INR 129,2.1,"52 Seats available
18 Window"
Patna (Bihar) to Muzaffarpur (Bihar),https://www.redbus.in/bus-tickets/patna-to-muzaffarpur,Sri Krishna Tours and Travels,A/C Seater Push Back (2+2),12:00,15:50,03h 50m,285,3.2,"18 Seats available
9 Window"
Patna (Bihar) to Muzaffarpur (Bihar),https://www.redbus.in/bus-tickets/patna-to-muzaffarpur,New Travel India,A/C Seater Push Back (2+2),12:45,14:50,02h 05m,INR 200,1.4,"40 Seats available
18 Window"
Patna (Bihar) to Muzaffarpur (Bihar),https://www.redbus.in/bus-tickets/patna-to-muzaffarpur,Jai Mata Di Tour and Travels,A/C Seater / Sleeper (2+2),13:53,16:43,02h 50m,360,2.5,"12 Seats available
6 Window"
Patna (Bihar) to Muzaffarpur (Bihar),https://www.redbus.in/bus-tickets/patna-to-muzaffarpur,Sadhvi Rath,A/C Seater / Sleeper (2+1),20:20,22:20,02h 00m,495,2.8,"40 Seats available
16 Single"
Patna (Bihar) to Muzaffarpur (Bihar),https://www.redbus.in/bus-tickets/patna-to-muzaffarpur,New Travel India,A/C Seater Push Back (2+2),18:45,21:00,02h 15m,INR 200,1.4,"40 Seats available
18 Window"
Patna (Bihar) to Muzaffarpur (Bihar),https://www.redbus.in/bus-tickets/patna-to-muzaffarpur,New Travel India,A/C Seater Push Back (2+2),18:55,20:50,01h 55m,INR 200,1.4,"36 Seats available
18 Window"
Patna (Bihar) to Muzaffarpur (Bihar),https://www.redbus.in/bus-tickets/patna-to-muzaffarpur,Sree Balaji Travels,A/C Seater / Sleeper (2+1),20:15,22:30,02h 15m,INR 150,1.4,"29 Seats available
7 Single"
Patna (Bihar) to Muzaffarpur (Bihar),https://www.redbus.in/bus-tickets/patna-to-muzaffarpur,Sri Krishna Tours and Travels,A/C Seater Push Back (2+2),06:20,08:30,02h 10m,285,3.1,"10 Seats available
5 Window"
Patna (Bihar) to Muzaffarpur (Bihar),https://www.redbus.in/bus-tickets/patna-to-muzaffarpur,Sri Krishna Tours and Travels,A/C Seater Push Back (2+2),06:50,09:20,02h 30m,304,3.2,"9 Seats available
4 Window"
Patna (Bihar) to Muzaffarpur (Bihar),https://www.redbus.in/bus-tickets/patna-to-muzaffarpur,Sri Krishna Tours and Travels,A/C Seater Push Back (2+2),08:00,10:00,02h 00m,304,4.1,"12 Seats available
6 Window"
Patna (Bihar) to Muzaffarpur (Bihar),https://www.redbus.in/bus-tickets/patna-to-muzaffarpur,Jai Hanuman Travels,A/C Seater / Sleeper (2+2),09:30,12:15,02h 45m,INR 300,3.4,"60 Seats available
25 Window"
Patna (Bihar) to Muzaffarpur (Bihar),https://www.redbus.in/bus-tickets/patna-to-muzaffarpur,Aman Rath,A/C Seater / Sleeper (2+1),20:15,22:15,02h 00m,INR 500,4.3,"11 Seats available
5 Single"
Patna (Bihar) to Muzaffarpur (Bihar),https://www.redbus.in/bus-tickets/patna-to-muzaffarpur,Sri Krishna Rath,A/C Seater / Sleeper (2+2),21:00,23:00,02h 00m,450,1.7,"62 Seats available
30 Window"
Patna (Bihar) to Muzaffarpur (Bihar),https://www.redbus.in/bus-tickets/patna-to-muzaffarpur,Sri Krishna Tours and Travels,A/C Seater / Sleeper (2+1),20:25,22:15,01h 50m,618,3.2,"25 Seats available
2 Single"
Patna (Bihar) to Muzaffarpur (Bihar),https://www.redbus.in/bus-tickets/patna-to-muzaffarpur,Sri Krishna Tours and Travels,A/C Seater / Sleeper (2+2),20:30,22:50,02h 20m,523,3.2,"42 Seats available
21 Window"
Patna (Bihar) to Muzaffarpur (Bihar),https://www.redbus.in/bus-tickets/patna-to-muzaffarpur,Aman Rath,A/C Seater / Sleeper (2+1),20:45,22:45,02h 00m,INR 500,4.3,"13 Seats available
5 Single"
Patna (Bihar) to Muzaffarpur (Bihar),https://www.redbus.in/bus-tickets/patna-to-muzaffarpur,MAA SHANTI TRAVELS,A/C Seater / Sleeper (2+1),22:10,23:55,25h 45m,600,4.1,26 Seats available
Patna (Bihar) to Muzaffarpur (Bihar),https://www.redbus.in/bus-tickets/patna-to-muzaffarpur,Jai Hanuman Travels,A/C Seater / Sleeper (2+2),22:20,00:15,01h 55m,INR 550,3.4,"54 Seats available
26 Window"
Patna (Bihar) to Muzaffarpur (Bihar),https://www.redbus.in/bus-tickets/patna-to-muzaffarpur,Sri Krishna Tours and Travels,A/C Seater Push Back (2+2),08:50,10:35,01h 45m,285,1.8,"7 Seats available
3 Window"
Patna (Bihar) to Muzaffarpur (Bihar),https://www.redbus.in/bus-tickets/patna-to-muzaffarpur,Panwar Travels,A/C Sleeper (2+1),10:04,14:00,03h 56m,INR 2800,2.8,"26 Seats available
9 Single"
Patna (Bihar) to Muzaffarpur (Bihar),https://www.redbus.in/bus-tickets/patna-to-muzaffarpur,Sree Balaji Travels,NON A/C Seater / Sleeper (2+2),20:30,22:30,02h 00m,INR 450,1.4,"60 Seats available
30 Window"
Patna (Bihar) to Muzaffarpur (Bihar),https://www.redbus.in/bus-tickets/patna-to-muzaffarpur,Jai Mata Di Tour and Travels,A/C Seater / Sleeper (2+2),22:40,00:30,01h 50m,416,2.5,"28 Seats available
14 Window"
Ranchi to Bihar Sharif,https://www.redbus.in/bus-tickets/ranchi-to-bihar-sharif,Bihar state road transport corporation (BSRTC) - 153614,AC Seater (2+2),20:55,03:30,06h 35m,INR 396,3.0,"33 Seats available
14 Window"
Ranchi to Bihar Sharif,https://www.redbus.in/bus-tickets/ranchi-to-bihar-sharif,MAA SHANTI TRAVELS,A/C Seater / Sleeper (2+1),22:20,04:40,06h 20m,600,4.1,"41 Seats available
13 Single"
Ranchi to Bihar Sharif,https://www.redbus.in/bus-tickets/ranchi-to-bihar-sharif,MAA SHANTI TRAVELS,A/C Seater/Sleeper (2+1),21:00,04:45,07h 45m,500,3.9,"36 Seats available
8 Single"
Ranchi to Bihar Sharif,https://www.redbus.in/bus-tickets/ranchi-to-bihar-sharif,VIJAY RATH,A/C Seater / Sleeper (2+1),22:00,04:00,06h 00m,662,2.9,"36 Seats available
8 Single"
Ranchi to Bihar Sharif,https://www.redbus.in/bus-tickets/ranchi-to-bihar-sharif,Mahuli Travels,A/C Seater/Sleeper (2+1),21:15,03:50,06h 35m,562,3.5,"47 Seats available
14 Single"
Ranchi to Bihar Sharif,https://www.redbus.in/bus-tickets/ranchi-to-bihar-sharif,Chandralok Travels,A/C Seater / Sleeper (2+1),21:35,04:00,06h 25m,449,1.0,"50 Seats available
15 Single"
Ranchi to Bihar Sharif,https://www.redbus.in/bus-tickets/ranchi-to-bihar-sharif,Rajdhani bus service,Non A/C Seater / Sleeper (2+1),21:40,03:30,05h 50m,570,3.3,"33 Seats available
6 Single"
Ranchi to Bihar Sharif,https://www.redbus.in/bus-tickets/ranchi-to-bihar-sharif,JGD Travels Pvt Ltd.,Bharat Benz A/C Sleeper (2+1),20:35,02:15,05h 40m,900,3.0,"36 Seats available
12 Single"
Ranchi to Bihar Sharif,https://www.redbus.in/bus-tickets/ranchi-to-bihar-sharif,Toofan Deluxe,A/C Seater / Sleeper (2+2),18:30,01:00,06h 30m,INR 600,2.2,"40 Seats available
17 Window"
Lucknow to Gopalganj (Bihar),https://www.redbus.in/bus-tickets/lucknow-to-gopalganj,Bihar state road transport corporation (BSRTC) - 152185,Volvo AC Seater 2+2,23:00,07:00,08h 00m,595,3.1,"38 Seats available
18 Window"
Lucknow to Gopalganj (Bihar),https://www.redbus.in/bus-tickets/lucknow-to-gopalganj,MISHRA BANDHU BUS SERVICE,A/C Seater / Sleeper (2+1),21:30,05:00,07h 30m,INR 800,3.8,"31 Seats available
11 Single"
Lucknow to Gopalganj (Bihar),https://www.redbus.in/bus-tickets/lucknow-to-gopalganj,Samay Shatabdi Travels Pvt Ltd,AC Sleeper (2+1),21:00,03:45,06h 45m,INR 1049,2.9,"30 Seats available
10 Single"
Lucknow to Gopalganj (Bihar),https://www.redbus.in/bus-tickets/lucknow-to-gopalganj,Panwar Travels,A/C Sleeper (2+1),01:20,13:00,11h 40m,INR 2500,2.8,"36 Seats available
10 Single"
Lucknow to Gopalganj (Bihar),https://www.redbus.in/bus-tickets/lucknow-to-gopalganj,Gorakhdham Express Bus Service,A/C Seater / Sleeper (2+2),23:55,07:30,07h 35m,INR 395,1.6,"40 Seats available
16 Window"
Lucknow to Gopalganj (Bihar),https://www.redbus.in/bus-tickets/lucknow-to-gopalganj,Kusum Travels and Logistics,NON AC Seater / Sleeper 2+1,00:55,10:25,09h 30m,INR 1199,2.0,"34 Seats available
9 Single"
Lucknow to Gopalganj (Bihar),https://www.redbus.in/bus-tickets/lucknow-to-gopalganj,Panwar tour and Travels,A/C Seater / Sleeper (2+1),03:30,11:05,07h 35m,INR 1044,1.6,"23 Seats available
6 Single"
Lucknow to Gopalganj (Bihar),https://www.redbus.in/bus-tickets/lucknow-to-gopalganj,Shree Balajee Travels And Cargo,A/C Seater / Sleeper (2+1),23:30,07:30,08h 00m,1349,1.2,"47 Seats available
11 Single"
Lucknow to Gopalganj (Bihar),https://www.redbus.in/bus-tickets/lucknow-to-gopalganj,Panwar tour and Travels,A/C Seater / Sleeper (2+1),04:45,12:30,07h 45m,INR 1144,1.6,"22 Seats available
5 Single"
Lucknow to Gopalganj (Bihar),https://www.redbus.in/bus-tickets/lucknow-to-gopalganj,Maa Laxmi Bihar Express,Non A/C Seater / Sleeper (2+1),22:30,08:00,09h 30m,INR 1000,1.3,"33 Seats available
19 Window"
Darbhanga to Lucknow,https://www.redbus.in/bus-tickets/darbhanga-to-lucknow,Bihar state road transport corporation (BSRTC) - 152154,Volvo AC Seater 2+2,13:00,01:00,12h 00m,935,2.8,"47 Seats available
23 Window"
Darbhanga to Lucknow,https://www.redbus.in/bus-tickets/darbhanga-to-lucknow,Kusum Travels and Logistics,A/C Seater / Sleeper (2+1),12:30,01:45,13h 15m,INR 1428.57,2.0,"40 Seats available
12 Single"
Darbhanga to Lucknow,https://www.redbus.in/bus-tickets/darbhanga-to-lucknow,Travel Point World LLP,A/C Seater / Sleeper (2+2),14:00,03:20,13h 20m,1899,1.6,"38 Seats available
15 Window"
Darbhanga to Lucknow,https://www.redbus.in/bus-tickets/darbhanga-to-lucknow,Baba Khatushyam Travels Pvt Ltd,A/C Seater / Sleeper (3+1),13:30,03:00,13h 30m,INR 1050,1.5,"58 Seats available
10 Single"
Darbhanga to Lucknow,https://www.redbus.in/bus-tickets/darbhanga-to-lucknow,Shree Balajee Travels And Cargo,A/C Seater / Sleeper (2+1),11:30,01:00,13h 30m,1169,1.2,"47 Seats available
11 Single"
Gopalganj (Bihar) to Lucknow,https://www.redbus.in/bus-tickets/gopalganj-to-lucknow,Bihar state road transport corporation (BSRTC) - 152154,Volvo AC Seater 2+2,16:30,01:00,08h 30m,680,4.0,"47 Seats available
23 Window"
Gopalganj (Bihar) to Lucknow,https://www.redbus.in/bus-tickets/gopalganj-to-lucknow,Samay Shatabdi Travels Pvt Ltd,AC Sleeper (2+1),22:01,06:16,08h 15m,INR 999,4.8,"30 Seats available
10 Single"
Gopalganj (Bihar) to Lucknow,https://www.redbus.in/bus-tickets/gopalganj-to-lucknow,MISHRA BANDHU BUS SERVICE,A/C Seater / Sleeper (2+1),19:15,04:14,08h 59m,INR 799,1.7,"32 Seats available
11 Single"
Gopalganj (Bihar) to Lucknow,https://www.redbus.in/bus-tickets/gopalganj-to-lucknow,Panwar Travels,A/C Sleeper (2+1),17:30,01:40,08h 10m,INR 2500,2.8,"26 Seats available
9 Single"
Gopalganj (Bihar) to Lucknow,https://www.redbus.in/bus-tickets/gopalganj-to-lucknow,Kusum Travels and Logistics,A/C Seater / Sleeper (2+1),17:30,01:45,08h 15m,INR 1428.57,2.0,"40 Seats available
12 Single"
Gopalganj (Bihar) to Lucknow,https://www.redbus.in/bus-tickets/gopalganj-to-lucknow,Panwar tour and Travels,A/C Seater / Sleeper (2+1),15:40,02:00,10h 20m,INR 1199,1.6,"34 Seats available
10 Single"
Gopalganj (Bihar) to Lucknow,https://www.redbus.in/bus-tickets/gopalganj-to-lucknow,Shree Balajee Travels And Cargo,A/C Seater / Sleeper (2+1),17:00,01:00,08h 00m,1169,1.2,"47 Seats available
11 Single"
Gopalganj (Bihar) to Lucknow,https://www.redbus.in/bus-tickets/gopalganj-to-lucknow,Shree Balajee Travels And Cargo,A/C Seater / Sleeper (2+2),20:00,03:30,07h 30m,1079,1.2,"72 Seats available
32 Window"
Gopalganj (Bihar) to Lucknow,https://www.redbus.in/bus-tickets/gopalganj-to-lucknow,Shree Balajee Travels And Cargo,A/C Sleeper (2+1),23:01,04:01,05h 00m,1349,1.2,"36 Seats available
12 Single"
Gopalganj (Bihar) to Lucknow,https://www.redbus.in/bus-tickets/gopalganj-to-lucknow,Panwar tour and Travels,A/C Seater / Sleeper (2+1),15:40,02:00,10h 20m,INR 1499,1.6,"36 Seats available
10 Single"
Gopalganj (Bihar) to Lucknow,https://www.redbus.in/bus-tickets/gopalganj-to-lucknow,Travel Point World LLP,A/C Seater / Sleeper (2+2),20:20,03:20,07h 00m,1899,1.6,"38 Seats available
15 Window"
Gopalganj (Bihar) to Lucknow,https://www.redbus.in/bus-tickets/gopalganj-to-lucknow,Baba Khatushyam Travels Pvt Ltd,A/C Seater / Sleeper (3+1),19:00,03:00,08h 00m,INR 1050,1.5,"58 Seats available
10 Single"
Muzaffarpur (Bihar) to Bihar Sharif,https://www.redbus.in/bus-tickets/muzaffarpur-to-bihar-sharif,Bihar state road transport corporation (BSRTC) - 153594,AC Seater (2+2),18:00,23:30,05h 30m,INR 275,3.3,"34 Seats available
15 Window"
Muzaffarpur (Bihar) to Bihar Sharif,https://www.redbus.in/bus-tickets/muzaffarpur-to-bihar-sharif,Maa Laxmi Bihar Express,Non A/C Seater / Sleeper (2+1),11:30,15:05,03h 35m,INR 1000,1.3,"33 Seats available
19 Window"
Kathmandu to Patna (Bihar),https://www.redbus.in/bus-tickets/kathmandu-to-patna,V.I.P Travels,A/C Seater Hi-Tech Push Back (2+2),18:30,12:30,18h 00m,1040,2.7,"43 Seats available
19 Window"
